<Index dataContractVersion="201501" xmlns="http://www.sdltridion.com/ContentManager/ImportExport/Package/2013">
  <Item id="tcm:0-0-0" selected="false" exported="true">
    <ApplicationIds>
      <ApplicationId>http://www.sdl.com/tridion/SemanticMapping/vocabularies</ApplicationId>
    </ApplicationIds>
    <Item id="tcm:0-28-1" title="000%20Empty" itemType="Publication" selected="false" exported="true">
      <Item id="tcm:28-98-2" title="Building%20Blocks" itemType="Folder" blueprintStatus="LocalItem" selected="true" exported="true">
        <Item id="fc302d4cf41f461196be201757b73d2d" title="Default%20Templates" itemType="Folder" selected="false" exported="false">
          <Item id="311068a31c9b466483b9418989877f7c" title="Default%20Component%20Template" extension="tctcmp" itemType="ComponentTemplate" selected="false" exported="false" />
          <Item id="6aee92089dab4e439a6404cb52e26a39" title="Default%20Dreamweaver%20Page%20Design" extension="dwt" itemType="TemplateBuildingBlock" selected="false" exported="false" />
          <Item id="9a0e9f43f9474e4daa25cb44aab0cde2" title="Default%20Page%20Template" extension="tptcmp" itemType="PageTemplate" selected="false" exported="false" />
        </Item>
        <Item id="9111747a704746b3ab3e32f67853edec" title="Default%20Multimedia%20Schema" extension="xsd" itemType="Schema" selected="false" exported="false" />
      </Item>
      <Item id="e91cf1004f0b43ae9dcdc5e2210d9684" title="Task%20Process" extension="tpd" itemType="ProcessDefinition" selected="false" exported="false" />
    </Item>
    <Item id="tcm:0-29-1" title="100%20Master" itemType="Publication" selected="true" exported="true">
      <Item id="tcm:29-98-2" title="Building%20Blocks" itemType="Folder" blueprintStatus="SharedItem" selected="true" exported="true">
        <Item id="7cff8734a59046c9b41791e399256209" title="Default%20Templates" itemType="Folder" selected="false" exported="false">
          <Item id="da2636e7d0f94ded8b626d97f84d3399" title="Default%20Component%20Template" extension="tctcmp" itemType="ComponentTemplate" selected="false" exported="false" />
          <Item id="7c5d0d35277448f0bbcd7f07521f44b7" title="Default%20Dreamweaver%20Page%20Design" extension="dwt" itemType="TemplateBuildingBlock" selected="false" exported="false" />
          <Item id="f9b18ff4f54a45759f310ea9ccfdf029" title="Default%20Page%20Template" extension="tptcmp" itemType="PageTemplate" selected="false" exported="false" />
        </Item>
        <Item id="424a6ce74f044021a753401d4f3dd129" title="Framework" itemType="Folder" selected="false" exported="false">
          <Item id="62448b81f0804df5ab91686e9ecfc02c" title="Developer" itemType="Folder" selected="false" exported="false">
            <Item id="91b9fee14f684eafa32b010eb6112f85" title="Schemas" itemType="Folder" selected="false" exported="false">
              <Item id="28c656c8a80645a8866989e57708def4" title="Component%20Template%20Metadata" extension="xsd" itemType="Schema" selected="false" exported="false" />
              <Item id="5ef096ab5a4847e2b99c08b453c730a0" title="Module%20Configuration" extension="xsd" itemType="Schema" selected="false" exported="false" />
              <Item id="ffa6ea3caf354040bc23a7be111b88c1" title="ZIP%20file" extension="xsd" itemType="Schema" selected="false" exported="false" />
            </Item>
            <Item id="6a4fb03238ce4f78af1ffd1ce8ae00d9" title="Templates" itemType="Folder" selected="false" exported="false">
              <Item id="af83726bd18744229423b064f615565c" title="Sdl%2EWeb%2ETridion%2ETemplates" itemType="Folder" selected="false" exported="false">
                <Item id="86f450384285448db1f7607fdc55283f" title="Default%20Component%20Template%20Finish%20Actions" extension="tbbcmp" itemType="TemplateBuildingBlock" selected="false" exported="false" />
                <Item id="579ff005e0a945289f08201cebd1fe6c" title="Render%20Component%20Content" extension="tbbcmp" itemType="TemplateBuildingBlock" selected="false" exported="false" />
              </Item>
            </Item>
          </Item>
          <Item id="ea46448b73744372bc46f0ac8747ac43" title="Site%20Manager" itemType="Folder" selected="false" exported="false">
            <Item id="59ebef6cf01e4d66be1fac27e9c3dfba" title="Schemas" itemType="Folder" selected="false" exported="false">
              <Item id="535300c72fdc427ab38e4c034eefd182" title="HTML%20Design%20Configuration" extension="xsd" itemType="Schema" selected="false" exported="false" />
              <Item id="e173697c044d4e92b2897fd4a0de0ccc" title="Name%20Value%20Pair" extension="xsd" itemType="Schema" selected="false" exported="false" />
              <Item id="2c10c0f64aec431ea65b5a4da6c6af9f" title="Publication%20Metadata" extension="xsd" itemType="Schema" selected="false" exported="false" />
            </Item>
          </Item>
        </Item>
        <Item id="tcm:29-102-2" title="Modules" itemType="Folder" blueprintStatus="LocalItem" selected="true" exported="true">
          <Item id="8559a117b57c46aca9c127460341bbae" title="Core" itemType="Folder" selected="false" exported="false">
            <Item id="a6b8427c012849e68d464b1809b8ae82" title="Editor" itemType="Folder" selected="false" exported="false">
              <Item id="c554aa82ce074aff8c0d928c94b4ce36" title="Schemas" itemType="Folder" selected="false" exported="false">
                <Item id="02b50d5c57474393beaa4d8140ee6ecd" title="Embedded" itemType="Folder" selected="false" exported="false">
                  <Item id="34709b41a09b4424b0e1d7c1e31aa8d8" title="Link" extension="xsd" itemType="Schema" selected="false" exported="false" />
                </Item>
              </Item>
            </Item>
          </Item>
          <Item id="tcm:29-171-2" title="Forms" itemType="Folder" blueprintStatus="LocalItem" selected="true" exported="true">
            <Item id="tcm:29-13281-2" title="Admin" itemType="Folder" blueprintStatus="LocalItem" selected="true" exported="true">
              <Item id="tcm:29-15238" title="Forms%20HTML%20Design" extension="zip" itemType="Component" subtype="1" blueprintStatus="LocalItem" selected="true" exported="true" />
              <Item id="tcm:29-15237" title="Forms" extension="xml" itemType="Component" blueprintStatus="LocalItem" selected="true" exported="true" />
            </Item>
            <Item id="tcm:29-172-2" title="Editor" itemType="Folder" blueprintStatus="LocalItem" selected="true" exported="true">
              <Item id="tcm:29-173-2" title="Schemas" itemType="Folder" blueprintStatus="LocalItem" selected="true" exported="true">
                <Item id="tcm:29-174-2" title="Embedded" itemType="Folder" blueprintStatus="LocalItem" selected="true" exported="true">
                  <Item id="tcm:29-765-8" title="Form%20Action" extension="xsd" itemType="Schema" subtype="2" blueprintStatus="LocalItem" selected="true" exported="true" />
                  <Item id="tcm:29-4026-8" title="Form%20Result%20Link" extension="xsd" itemType="Schema" subtype="2" blueprintStatus="LocalItem" selected="true" exported="true" />
                </Item>
                <Item id="tcm:29-766-8" title="Form" extension="xsd" itemType="Schema" blueprintStatus="LocalItem" selected="true" exported="true" />
              </Item>
              <Item id="tcm:29-175-2" title="Templates" itemType="Folder" blueprintStatus="LocalItem" selected="true" exported="true">
                <Item id="tcm:29-768-32" title="Form" extension="tctcmp" itemType="ComponentTemplate" blueprintStatus="LocalItem" selected="true" exported="true" />
              </Item>
            </Item>
          </Item>
        </Item>
        <Item id="tcm:29-120-2" title="Settings" itemType="Folder" blueprintStatus="LocalItem" selected="true" exported="true">
          <Item id="tcm:29-13282-2" title="Forms" itemType="Folder" blueprintStatus="LocalItem" selected="true" exported="true">
            <Item id="tcm:29-13283-2" title="Site%20Manager" itemType="Folder" blueprintStatus="LocalItem" selected="true" exported="true">
              <Item id="tcm:29-15239" title="Forms%20HTML%20Design%20Configuration" extension="xml" itemType="Component" blueprintStatus="LocalItem" selected="true" exported="true" />
            </Item>
          </Item>
        </Item>
        <Item id="9d7fb1c87add4bf5b8337af93933479a" title="Default%20Multimedia%20Schema" extension="xsd" itemType="Schema" selected="false" exported="false" />
      </Item>
      <Item id="d39ed90dc06443b2a002f44078fc6ba8" title="Task%20Process" extension="tpd" itemType="ProcessDefinition" selected="false" exported="false" />
    </Item>
    <Item id="tcm:0-22-65544" title="Zip%20file" extension="tmt" itemType="MultimediaType" selected="false" exported="true" />
  </Item>
</Index>