<Index dataContractVersion="201501" xmlns="http://www.sdltridion.com/ContentManager/ImportExport/Package/2013">
  <Item id="tcm:0-0-0" selected="false" exported="true">
    <ApplicationIds>
      <ApplicationId>http://www.sdl.com/tridion/SemanticMapping/vocabularies</ApplicationId>
    </ApplicationIds>
    <Item id="tcm:0-28-1" title="000%20Empty" itemType="Publication" selected="false" exported="true">
      <Item id="tcm:28-98-2" title="Building%20Blocks" itemType="Folder" blueprintStatus="LocalItem" selected="true" exported="true">
        <Item id="fde809c5da61483c92a50ffd366615d6" title="Default%20Templates" itemType="Folder" selected="false" exported="false">
          <Item id="72e05713c42246388014d89cfed39913" title="Default%20Component%20Template" extension="tctcmp" itemType="ComponentTemplate" selected="false" exported="false" />
          <Item id="95a92ef3a9ce45bd9481bfb9fd5d65c1" title="Default%20Dreamweaver%20Page%20Design" extension="dwt" itemType="TemplateBuildingBlock" selected="false" exported="false" />
          <Item id="80d6cf505d2c46a091609daebbd7e340" title="Default%20Page%20Template" extension="tptcmp" itemType="PageTemplate" selected="false" exported="false" />
        </Item>
        <Item id="6a94ccf2e3a64bdea1060cb9dd195d67" title="Default%20Multimedia%20Schema" extension="xsd" itemType="Schema" selected="false" exported="false" />
      </Item>
      <Item id="76910e359dd64c1dac72646e44fccdb0" title="Task%20Process" extension="tpd" itemType="ProcessDefinition" selected="false" exported="false" />
    </Item>
    <Item id="tcm:0-29-1" title="100%20Master" itemType="Publication" selected="true" exported="true">
      <Item id="tcm:29-98-2" title="Building%20Blocks" itemType="Folder" blueprintStatus="SharedItem" selected="true" exported="true">
        <Item id="9b52fba25c0748769e2fa42eb423af05" title="Default%20Templates" itemType="Folder" selected="false" exported="false">
          <Item id="e278b910a41248d2a578c35868cf8f2e" title="Default%20Component%20Template" extension="tctcmp" itemType="ComponentTemplate" selected="false" exported="false" />
          <Item id="58e11b9f0345485b892b276fd9d3623d" title="Default%20Dreamweaver%20Page%20Design" extension="dwt" itemType="TemplateBuildingBlock" selected="false" exported="false" />
          <Item id="e767b40361124feea9533d6a431f840f" title="Default%20Page%20Template" extension="tptcmp" itemType="PageTemplate" selected="false" exported="false" />
        </Item>
        <Item id="e466cfb1f4d34e70835a9103fe06369e" title="Framework" itemType="Folder" selected="false" exported="false">
          <Item id="9fe6a74c5f0348ed963e3a481b5847e2" title="Developer" itemType="Folder" selected="false" exported="false">
            <Item id="207cfeb77e1d4f41b4c3bef1e967980f" title="Schemas" itemType="Folder" selected="false" exported="false">
              <Item id="ebc1cecb6b0342b0b75eba7bb2e4c7fe" title="Component%20Template%20Metadata" extension="xsd" itemType="Schema" selected="false" exported="false" />
              <Item id="70c139338edd474ca78e15c72e7cbcfb" title="Module%20Configuration" extension="xsd" itemType="Schema" selected="false" exported="false" />
              <Item id="eb015ae54fad42b79091e7327706066c" title="ZIP%20file" extension="xsd" itemType="Schema" selected="false" exported="false" />
            </Item>
            <Item id="1711a8e8827f401caff951b6c3b108c3" title="Templates" itemType="Folder" selected="false" exported="false">
              <Item id="224916ba074849c18eaceecbb7792ac2" title="Sdl%2EWeb%2ETridion%2ETemplates" itemType="Folder" selected="false" exported="false">
                <Item id="026f48d0a7074781b83f94122585a947" title="Default%20Component%20Template%20Finish%20Actions" extension="tbbcmp" itemType="TemplateBuildingBlock" selected="false" exported="false" />
                <Item id="39417f94be5b470ab3bb0f9a2121ded1" title="Render%20Component%20Content" extension="tbbcmp" itemType="TemplateBuildingBlock" selected="false" exported="false" />
              </Item>
            </Item>
          </Item>
          <Item id="d7776f8d8d7645f8931d937fd7884da4" title="Site%20Manager" itemType="Folder" selected="false" exported="false">
            <Item id="9662e213094c48798326079df11b173e" title="Schemas" itemType="Folder" selected="false" exported="false">
              <Item id="27dde77f3b554f71a5aac411efbbf3f7" title="HTML%20Design%20Configuration" extension="xsd" itemType="Schema" selected="false" exported="false" />
              <Item id="56d6f5b2029e498cb22582d8f29a2b22" title="Name%20Value%20Pair" extension="xsd" itemType="Schema" selected="false" exported="false" />
              <Item id="4698450a43f5450d91046b03baebb221" title="Publication%20Metadata" extension="xsd" itemType="Schema" selected="false" exported="false" />
            </Item>
          </Item>
        </Item>
        <Item id="tcm:29-102-2" title="Modules" itemType="Folder" blueprintStatus="LocalItem" selected="true" exported="true">
          <Item id="0f95f64d62cf40c1952c462e783b6a76" title="Core" itemType="Folder" selected="false" exported="false">
            <Item id="8a6275faf0cb4b9ba052f446d5050432" title="Editor" itemType="Folder" selected="false" exported="false">
              <Item id="1301fdc8d403458a9823ec242f96329d" title="Schemas" itemType="Folder" selected="false" exported="false">
                <Item id="4598f5bc132e4d55820d3bf8af86f9b0" title="Embedded" itemType="Folder" selected="false" exported="false">
                  <Item id="01606953af3c4790ab7d15acb8d25396" title="Link" extension="xsd" itemType="Schema" selected="false" exported="false" />
                </Item>
              </Item>
            </Item>
          </Item>
          <Item id="tcm:29-171-2" title="Forms" itemType="Folder" blueprintStatus="LocalItem" selected="true" exported="true">
            <Item id="tcm:29-13281-2" title="Admin" itemType="Folder" blueprintStatus="LocalItem" selected="true" exported="true">
              <Item id="tcm:29-15238" title="Forms%20HTML%20Design" extension="zip" itemType="Component" subtype="1" blueprintStatus="LocalItem" selected="true" exported="true" />
              <Item id="tcm:29-15237" title="Forms" extension="xml" itemType="Component" blueprintStatus="LocalItem" selected="true" exported="true" />
            </Item>
            <Item id="tcm:29-172-2" title="Editor" itemType="Folder" blueprintStatus="LocalItem" selected="true" exported="true">
              <Item id="tcm:29-173-2" title="Schemas" itemType="Folder" blueprintStatus="LocalItem" selected="true" exported="true">
                <Item id="tcm:29-174-2" title="Embedded" itemType="Folder" blueprintStatus="LocalItem" selected="true" exported="true">
                  <Item id="tcm:29-765-8" title="Form%20Action" extension="xsd" itemType="Schema" subtype="2" blueprintStatus="LocalItem" selected="true" exported="true" />
                  <Item id="tcm:29-4026-8" title="Form%20Result%20Link" extension="xsd" itemType="Schema" subtype="2" blueprintStatus="LocalItem" selected="true" exported="true" />
                </Item>
                <Item id="tcm:29-766-8" title="Form" extension="xsd" itemType="Schema" blueprintStatus="LocalItem" selected="true" exported="true" />
              </Item>
              <Item id="tcm:29-175-2" title="Templates" itemType="Folder" blueprintStatus="LocalItem" selected="true" exported="true">
                <Item id="tcm:29-768-32" title="Form" extension="tctcmp" itemType="ComponentTemplate" blueprintStatus="LocalItem" selected="true" exported="true" />
              </Item>
            </Item>
          </Item>
        </Item>
        <Item id="tcm:29-120-2" title="Settings" itemType="Folder" blueprintStatus="LocalItem" selected="true" exported="true">
          <Item id="tcm:29-13282-2" title="Forms" itemType="Folder" blueprintStatus="LocalItem" selected="true" exported="true">
            <Item id="tcm:29-13283-2" title="Site%20Manager" itemType="Folder" blueprintStatus="LocalItem" selected="true" exported="true">
              <Item id="tcm:29-15239" title="Forms%20HTML%20Design%20Configuration" extension="xml" itemType="Component" blueprintStatus="LocalItem" selected="true" exported="true" />
            </Item>
          </Item>
        </Item>
        <Item id="833e250e49dd47a58e3e61ef39f7321a" title="Default%20Multimedia%20Schema" extension="xsd" itemType="Schema" selected="false" exported="false" />
      </Item>
      <Item id="6b8446d842c1401ca6612fc678c83855" title="Task%20Process" extension="tpd" itemType="ProcessDefinition" selected="false" exported="false" />
    </Item>
    <Item id="tcm:0-22-65544" title="Zip%20file" extension="tmt" itemType="MultimediaType" selected="false" exported="true" />
  </Item>
</Index>