<Index dataContractVersion="201501" xmlns="http://www.sdltridion.com/ContentManager/ImportExport/Package/2013">
  <Item id="tcm:0-0-0" selected="false" exported="true">
    <ApplicationIds>
      <ApplicationId>http://www.sdl.com/tridion/SemanticMapping/vocabularies</ApplicationId>
    </ApplicationIds>
    <Item id="tcm:0-28-1" title="000%20Empty" itemType="Publication" selected="false" exported="true">
      <Item id="tcm:28-98-2" title="Building%20Blocks" itemType="Folder" blueprintStatus="LocalItem" selected="true" exported="true">
        <Item id="4357988d8b094ffe934c665f92e89b59" title="Default%20Templates" itemType="Folder" selected="false" exported="false">
          <Item id="56f57a6fb0a24da689f6d612b7aaa5be" title="Default%20Component%20Template" extension="tctcmp" itemType="ComponentTemplate" selected="false" exported="false" />
          <Item id="67301481e84e42f7a58813d7e9df7713" title="Default%20Dreamweaver%20Page%20Design" extension="dwt" itemType="TemplateBuildingBlock" selected="false" exported="false" />
          <Item id="3982f92463e947e9b307b263be32929e" title="Default%20Page%20Template" extension="tptcmp" itemType="PageTemplate" selected="false" exported="false" />
        </Item>
        <Item id="d377f00165a2444aab2d70b8adcdec59" title="Default%20Multimedia%20Schema" extension="xsd" itemType="Schema" selected="false" exported="false" />
      </Item>
      <Item id="bc02bbc256ab4e3e84163bbf162366f4" title="Task%20Process" extension="tpd" itemType="ProcessDefinition" selected="false" exported="false" />
    </Item>
    <Item id="tcm:0-29-1" title="100%20Master" itemType="Publication" selected="true" exported="true">
      <Item id="tcm:29-98-2" title="Building%20Blocks" itemType="Folder" blueprintStatus="SharedItem" selected="true" exported="true">
        <Item id="89c01ab94ae749478a8655081a5ed7ff" title="Default%20Templates" itemType="Folder" selected="false" exported="false">
          <Item id="879c8e387e0f4733b4078fdb997abc08" title="Default%20Component%20Template" extension="tctcmp" itemType="ComponentTemplate" selected="false" exported="false" />
          <Item id="0b15cd0728414735b4769706eec00fbc" title="Default%20Dreamweaver%20Page%20Design" extension="dwt" itemType="TemplateBuildingBlock" selected="false" exported="false" />
          <Item id="8d032c7d657f411993b7d2191106199f" title="Default%20Page%20Template" extension="tptcmp" itemType="PageTemplate" selected="false" exported="false" />
        </Item>
        <Item id="def810c28efb43108f91fa600879e5b3" title="Framework" itemType="Folder" selected="false" exported="false">
          <Item id="3b123cc28854403f84cb048ee3e6a8d6" title="Developer" itemType="Folder" selected="false" exported="false">
            <Item id="dc23b2e7a35b401c9424e83988abc219" title="Schemas" itemType="Folder" selected="false" exported="false">
              <Item id="fc482bb86bc3408880a13772552fadf1" title="Component%20Template%20Metadata" extension="xsd" itemType="Schema" selected="false" exported="false" />
              <Item id="6f9f4122f11646a899b10d8d62e937e6" title="Module%20Configuration" extension="xsd" itemType="Schema" selected="false" exported="false" />
              <Item id="59128b7968fb4150a8a84f0adf0ea55f" title="ZIP%20file" extension="xsd" itemType="Schema" selected="false" exported="false" />
            </Item>
            <Item id="8e02258aec0e4091a23a10a70c3e6fab" title="Templates" itemType="Folder" selected="false" exported="false">
              <Item id="cbf5f311f2ca4a448cd2d9a27f3d96c2" title="Sdl%2EWeb%2ETridion%2ETemplates" itemType="Folder" selected="false" exported="false">
                <Item id="f11910327100418ca87e9dca569e93d9" title="Default%20Component%20Template%20Finish%20Actions" extension="tbbcmp" itemType="TemplateBuildingBlock" selected="false" exported="false" />
                <Item id="bbd4a599bef14350a407320b797e2c0a" title="Render%20Component%20Content" extension="tbbcmp" itemType="TemplateBuildingBlock" selected="false" exported="false" />
              </Item>
            </Item>
          </Item>
          <Item id="79c3f096e81a46869fbadb1b6dc28cf8" title="Site%20Manager" itemType="Folder" selected="false" exported="false">
            <Item id="8c1f6419e70b4db0a5fd62923a53122a" title="Schemas" itemType="Folder" selected="false" exported="false">
              <Item id="74b49efc06e2459b8c12e30e9aa1c864" title="HTML%20Design%20Configuration" extension="xsd" itemType="Schema" selected="false" exported="false" />
              <Item id="1b786b15548847bd9c9676a333912291" title="Publication%20Metadata" extension="xsd" itemType="Schema" selected="false" exported="false" />
            </Item>
          </Item>
        </Item>
        <Item id="tcm:29-102-2" title="Modules" itemType="Folder" blueprintStatus="LocalItem" selected="true" exported="true">
          <Item id="tcm:29-171-2" title="Forms" itemType="Folder" blueprintStatus="LocalItem" selected="true" exported="true">
            <Item id="tcm:29-13281-2" title="Admin" itemType="Folder" blueprintStatus="LocalItem" selected="true" exported="true">
              <Item id="tcm:29-15238" title="Forms%20HTML%20Design" extension="zip" itemType="Component" subtype="1" blueprintStatus="LocalItem" selected="true" exported="true" />
              <Item id="tcm:29-15237" title="Forms" extension="xml" itemType="Component" blueprintStatus="LocalItem" selected="true" exported="true" />
            </Item>
            <Item id="tcm:29-172-2" title="Editor" itemType="Folder" blueprintStatus="LocalItem" selected="true" exported="true">
              <Item id="tcm:29-173-2" title="Schemas" itemType="Folder" blueprintStatus="LocalItem" selected="true" exported="true">
                <Item id="15c1aa3927c948fe9d4f0d86c6540cb8" title="Embedded" itemType="Folder" selected="false" exported="false">
                  <Item id="4c0d79c4936940b9a40e8ee1ce736408" title="Form%20Action" extension="xsd" itemType="Schema" selected="false" exported="false" />
                </Item>
                <Item id="tcm:29-766-8" title="Form" extension="xsd" itemType="Schema" blueprintStatus="LocalItem" selected="true" exported="true" />
              </Item>
              <Item id="tcm:29-175-2" title="Templates" itemType="Folder" blueprintStatus="LocalItem" selected="true" exported="true">
                <Item id="tcm:29-768-32" title="Form" extension="tctcmp" itemType="ComponentTemplate" blueprintStatus="LocalItem" selected="true" exported="true" />
              </Item>
            </Item>
          </Item>
        </Item>
        <Item id="tcm:29-120-2" title="Settings" itemType="Folder" blueprintStatus="LocalItem" selected="true" exported="true">
          <Item id="tcm:29-13282-2" title="Forms" itemType="Folder" blueprintStatus="LocalItem" selected="true" exported="true">
            <Item id="tcm:29-13283-2" title="Site%20Manager" itemType="Folder" blueprintStatus="LocalItem" selected="true" exported="true">
              <Item id="tcm:29-15239" title="Forms%20HTML%20Design%20Configuration" extension="xml" itemType="Component" blueprintStatus="LocalItem" selected="true" exported="true" />
            </Item>
          </Item>
        </Item>
        <Item id="a35ad1010fac461da74ff31bc7add657" title="Default%20Multimedia%20Schema" extension="xsd" itemType="Schema" selected="false" exported="false" />
      </Item>
      <Item id="99852b877fca46c6824f1578383b1f1c" title="Task%20Process" extension="tpd" itemType="ProcessDefinition" selected="false" exported="false" />
    </Item>
    <Item id="tcm:0-22-65544" title="Zip%20file" extension="tmt" itemType="MultimediaType" selected="false" exported="true" />
  </Item>
</Index>