<Index dataContractVersion="2013" xmlns="http://www.sdltridion.com/ContentManager/ImportExport/Package/2013">
  <Item id="tcm:0-0-0" selected="false" exported="true">
    <ApplicationIds>
      <ApplicationId>http://www.sdl.com/tridion/SemanticMapping/vocabularies</ApplicationId>
    </ApplicationIds>
    <Item id="tcm:0-28-1" title="000%20Empty" itemType="Publication" selected="false" exported="true">
      <Item id="tcm:28-98-2" title="Building%20Blocks" itemType="Folder" blueprintStatus="LocalItem" selected="true" exported="true">
        <Item id="ee58dfbb605a4688aad815aec8d2b220" title="Default%20Templates" itemType="Folder" selected="false" exported="false">
          <Item id="c19236df30404fcd9f4870ee62d9bc68" title="Default%20Component%20Template" extension="tctcmp" itemType="ComponentTemplate" selected="false" exported="false" />
          <Item id="b665d407a8054dddaead73cee127cdfe" title="Default%20Dreamweaver%20Page%20Design" extension="dwt" itemType="TemplateBuildingBlock" selected="false" exported="false" />
          <Item id="4317bc07a78c42b0ac9f1bf0400b6ccb" title="Default%20Page%20Template" extension="tptcmp" itemType="PageTemplate" selected="false" exported="false" />
        </Item>
        <Item id="2df4af7354a149ae84f9879668c4428f" title="Default%20Multimedia%20Schema" extension="xsd" itemType="Schema" selected="false" exported="false" />
      </Item>
      <Item id="f6e31b962d494eaa9cd6e45f201b1dbe" title="Task%20Process" extension="tpd" itemType="ProcessDefinition" selected="false" exported="false" />
    </Item>
    <Item id="tcm:0-29-1" title="100%20Master" itemType="Publication" selected="true" exported="true">
      <Item id="tcm:29-98-2" title="Building%20Blocks" itemType="Folder" blueprintStatus="SharedItem" selected="true" exported="true">
        <Item id="e1d3f97a868a47febb6c9cccb2c8b611" title="Default%20Templates" itemType="Folder" selected="false" exported="false">
          <Item id="3ece44c0f4894ca2a05d71ca80f23dc7" title="Default%20Component%20Template" extension="tctcmp" itemType="ComponentTemplate" selected="false" exported="false" />
          <Item id="d49476ff575842f3beb6543e354ecfc3" title="Default%20Dreamweaver%20Page%20Design" extension="dwt" itemType="TemplateBuildingBlock" selected="false" exported="false" />
          <Item id="6298b206d6a749c0953f48a0c3d877bb" title="Default%20Page%20Template" extension="tptcmp" itemType="PageTemplate" selected="false" exported="false" />
        </Item>
        <Item id="tcm:29-102-2" title="Modules" itemType="Folder" blueprintStatus="LocalItem" selected="true" exported="true">
          <Item id="372d242ad4164d778f9b0b3e12d9217f" title="Core" itemType="Folder" selected="false" exported="false">
            <Item id="e48f79d742354352a37c3078bea1f137" title="Admin" itemType="Folder" selected="false" exported="false">
              <Item id="10d7d1b5ae8c4b33b0106906243b7d6f" title="Schemas" itemType="Folder" selected="false" exported="false">
                <Item id="9dc5b9e08abd4adaa5044b9299497e62" title="Module%20Configuration" extension="xsd" itemType="Schema" selected="false" exported="false" />
              </Item>
            </Item>
            <Item id="218874cdfb7c4eab87c5cf001394652d" title="Developer" itemType="Folder" selected="false" exported="false">
              <Item id="99d0e8522fd74048ad8be336bbcb6c6f" title="Core%20Template%20Building%20Blocks" itemType="Folder" selected="false" exported="false">
                <Item id="b8cf9cd8c07247ae8537fa8776eb1038" title="Default%20Component%20Template%20Finish%20Actions" extension="tbbcmp" itemType="TemplateBuildingBlock" selected="false" exported="false" />
                <Item id="f4c03c7946484706a0e916def1cc4325" title="Render%20Component%20Content" extension="tbbcmp" itemType="TemplateBuildingBlock" selected="false" exported="false" />
              </Item>
              <Item id="0a6cd5fa4ca446f28dc4d61c03016753" title="Schemas" itemType="Folder" selected="false" exported="false">
                <Item id="a70064bf5f414a95a35706c39091d0fb" title="Metadata" itemType="Folder" selected="false" exported="false">
                  <Item id="a47228ee51f244fdafddedc078d714a2" title="Component%20Template%20Metadata" extension="xsd" itemType="Schema" selected="false" exported="false" />
                </Item>
                <Item id="2c8205bcea9048d1829be70d1d40ecbe" title="ZIP%20file" extension="xsd" itemType="Schema" selected="false" exported="false" />
              </Item>
            </Item>
            <Item id="496c50cddcbc4b678c0c2514436d6909" title="Editor" itemType="Folder" selected="false" exported="false">
              <Item id="51b96f679e524b92a47b23444b74dec3" title="Schemas" itemType="Folder" selected="false" exported="false">
                <Item id="16a8689e43df4f9485c9189a0e58d0e6" title="Embedded" itemType="Folder" selected="false" exported="false">
                  <Item id="73fd0e9a1e2945208860bd327b872193" title="Link" extension="xsd" itemType="Schema" selected="false" exported="false" />
                  <Item id="710f9ca0ed1e455e9fa8f5648aea9a83" title="Name%20Value%20Pair" extension="xsd" itemType="Schema" selected="false" exported="false" />
                </Item>
              </Item>
            </Item>
            <Item id="013f6900136d42fe8a2aa537ff5dab4b" title="Site%20Manager" itemType="Folder" selected="false" exported="false">
              <Item id="c3f52a4b68e8428f929a1291db75c4b9" title="Schemas" itemType="Folder" selected="false" exported="false">
                <Item id="59450e6ec21d456197dd4710f9380d7a" title="Metadata" itemType="Folder" selected="false" exported="false">
                  <Item id="7f6e9d455b8e455f8927e9450ca2a7da" title="Publication%20Metadata" extension="xsd" itemType="Schema" selected="false" exported="false" />
                </Item>
                <Item id="f0bd9fcaa29c4cf7aa48671df96f02b3" title="HTML%20Design%20Configuration" extension="xsd" itemType="Schema" selected="false" exported="false" />
              </Item>
            </Item>
          </Item>
          <Item id="tcm:29-171-2" title="Forms" itemType="Folder" blueprintStatus="LocalItem" selected="true" exported="true">
            <Item id="tcm:29-13281-2" title="Admin" itemType="Folder" blueprintStatus="LocalItem" selected="true" exported="true">
              <Item id="tcm:29-15238" title="Forms%20HTML%20Design" extension="zip" itemType="Component" subtype="1" blueprintStatus="LocalItem" selected="true" exported="true" />
              <Item id="tcm:29-15237" title="Forms" extension="xml" itemType="Component" blueprintStatus="LocalItem" selected="true" exported="true" />
            </Item>
            <Item id="tcm:29-172-2" title="Editor" itemType="Folder" blueprintStatus="LocalItem" selected="true" exported="true">
              <Item id="tcm:29-173-2" title="Schemas" itemType="Folder" blueprintStatus="LocalItem" selected="true" exported="true">
                <Item id="tcm:29-174-2" title="Embedded" itemType="Folder" blueprintStatus="LocalItem" selected="true" exported="true">
                  <Item id="tcm:29-765-8" title="Form%20Action" extension="xsd" itemType="Schema" subtype="2" blueprintStatus="LocalItem" selected="true" exported="true" />
                  <Item id="tcm:29-4026-8" title="Form%20Result%20Link" extension="xsd" itemType="Schema" subtype="2" blueprintStatus="LocalItem" selected="true" exported="true" />
                </Item>
                <Item id="tcm:29-766-8" title="Form" extension="xsd" itemType="Schema" blueprintStatus="LocalItem" selected="true" exported="true" />
              </Item>
              <Item id="tcm:29-175-2" title="Templates" itemType="Folder" blueprintStatus="LocalItem" selected="true" exported="true">
                <Item id="tcm:29-767-32" title="Form%20%3CLayout%3E" extension="tctcmp" itemType="ComponentTemplate" blueprintStatus="LocalItem" selected="true" exported="true" />
                <Item id="tcm:29-768-32" title="Form" extension="tctcmp" itemType="ComponentTemplate" blueprintStatus="LocalItem" selected="true" exported="true" />
              </Item>
            </Item>
          </Item>
        </Item>
        <Item id="tcm:29-120-2" title="Settings" itemType="Folder" blueprintStatus="LocalItem" selected="true" exported="true">
          <Item id="tcm:29-13282-2" title="Forms" itemType="Folder" blueprintStatus="LocalItem" selected="true" exported="true">
            <Item id="tcm:29-13283-2" title="Site%20Manager" itemType="Folder" blueprintStatus="LocalItem" selected="true" exported="true">
              <Item id="tcm:29-15239" title="Forms%20HTML%20Design%20Configuration" extension="xml" itemType="Component" blueprintStatus="LocalItem" selected="true" exported="true" />
            </Item>
          </Item>
        </Item>
        <Item id="836d0d6fe1024b9cbdf844bb2e2becf0" title="Default%20Multimedia%20Schema" extension="xsd" itemType="Schema" selected="false" exported="false" />
      </Item>
      <Item id="8418c602d198423090ef4799704b194d" title="Task%20Process" extension="tpd" itemType="ProcessDefinition" selected="false" exported="false" />
    </Item>
    <Item id="tcm:0-22-65544" title="Zip%20file" extension="tmt" itemType="MultimediaType" selected="false" exported="true" />
  </Item>
</Index>