<Index dataContractVersion="201501" xmlns="http://www.sdltridion.com/ContentManager/ImportExport/Package/2013">
  <Item id="tcm:0-0-0" selected="false" exported="true">
    <ApplicationIds>
      <ApplicationId>http://www.sdl.com/tridion/SemanticMapping/vocabularies</ApplicationId>
    </ApplicationIds>
    <Item id="tcm:0-28-1" title="000%20Empty" itemType="Publication" selected="false" exported="true">
      <Item id="tcm:28-98-2" title="Building%20Blocks" itemType="Folder" blueprintStatus="LocalItem" selected="true" exported="true">
        <Item id="1539de6288c7483b8a58ef0b8115602b" title="Default%20Templates" itemType="Folder" selected="false" exported="false">
          <Item id="98b652daf9d840df8c09df54d9468516" title="Default%20Component%20Template" extension="tctcmp" itemType="ComponentTemplate" selected="false" exported="false" />
          <Item id="38a7ee581f484f8fbf49a94b7de434ea" title="Default%20Dreamweaver%20Page%20Design" extension="dwt" itemType="TemplateBuildingBlock" selected="false" exported="false" />
          <Item id="9244b64d9c384e5bbae1213b64a3bb9a" title="Default%20Page%20Template" extension="tptcmp" itemType="PageTemplate" selected="false" exported="false" />
        </Item>
        <Item id="eb6c1199377946fcae48a0839bae2a56" title="Default%20Multimedia%20Schema" extension="xsd" itemType="Schema" selected="false" exported="false" />
      </Item>
      <Item id="cc563cd357f34421adb44dbe500c3bb3" title="Task%20Process" extension="tpd" itemType="ProcessDefinition" selected="false" exported="false" />
    </Item>
    <Item id="tcm:0-29-1" title="100%20Master" itemType="Publication" selected="true" exported="true">
      <Item id="tcm:29-98-2" title="Building%20Blocks" itemType="Folder" blueprintStatus="SharedItem" selected="true" exported="true">
        <Item id="b2d17eb767de4303b72bae14a3b125f7" title="Default%20Templates" itemType="Folder" selected="false" exported="false">
          <Item id="643bd0dd623648a991c99b3dc215b847" title="Default%20Component%20Template" extension="tctcmp" itemType="ComponentTemplate" selected="false" exported="false" />
          <Item id="8a9ec87e4365461297dc74bb7a82541e" title="Default%20Dreamweaver%20Page%20Design" extension="dwt" itemType="TemplateBuildingBlock" selected="false" exported="false" />
          <Item id="b549e0cac3b047ed806c289ad2f7e5dc" title="Default%20Page%20Template" extension="tptcmp" itemType="PageTemplate" selected="false" exported="false" />
        </Item>
        <Item id="c1859e263dfe4aa49c4cb8f4dc175c70" title="Framework" itemType="Folder" selected="false" exported="false">
          <Item id="6e40bfe2d3ca4a31af8acc3a098081b0" title="Developer" itemType="Folder" selected="false" exported="false">
            <Item id="cbc3fe84c8ba4183b8e6aea11de461a0" title="Schemas" itemType="Folder" selected="false" exported="false">
              <Item id="11bf7014fd34485493aa434f01b83450" title="Component%20Template%20Metadata" extension="xsd" itemType="Schema" selected="false" exported="false" />
              <Item id="b2394a5501d742d590dee6adc8b75e4b" title="Module%20Configuration" extension="xsd" itemType="Schema" selected="false" exported="false" />
              <Item id="7a616bb7086440ccb6069705be1eb8ef" title="ZIP%20file" extension="xsd" itemType="Schema" selected="false" exported="false" />
            </Item>
            <Item id="4253199b339341c3a0865a19ade68d74" title="Templates" itemType="Folder" selected="false" exported="false">
              <Item id="a93db4abff624d0eadaa4d3d96ab5130" title="Sdl%2EWeb%2ETridion%2ETemplates" itemType="Folder" selected="false" exported="false">
                <Item id="13c2c4ae546c4ef3bbf485353cdd2c6b" title="Default%20Component%20Template%20Finish%20Actions" extension="tbbcmp" itemType="TemplateBuildingBlock" selected="false" exported="false" />
                <Item id="b5c776269c214f0bbb41fa5b8d5d8b92" title="Render%20Component%20Content" extension="tbbcmp" itemType="TemplateBuildingBlock" selected="false" exported="false" />
              </Item>
            </Item>
          </Item>
          <Item id="11e9171354c247b48da1d2e21c0bd2d3" title="Site%20Manager" itemType="Folder" selected="false" exported="false">
            <Item id="629fce76e99049589e891a04264034f9" title="Schemas" itemType="Folder" selected="false" exported="false">
              <Item id="6a0fca3d8eba448e8d0b1fd6819ca5be" title="HTML%20Design%20Configuration" extension="xsd" itemType="Schema" selected="false" exported="false" />
              <Item id="b2d94f91b232430cb52ec2e73a29fc59" title="Name%20Value%20Pair" extension="xsd" itemType="Schema" selected="false" exported="false" />
              <Item id="53bb67da2b7648f4b577c08ce2d24a56" title="Publication%20Metadata" extension="xsd" itemType="Schema" selected="false" exported="false" />
            </Item>
          </Item>
        </Item>
        <Item id="tcm:29-102-2" title="Modules" itemType="Folder" blueprintStatus="LocalItem" selected="true" exported="true">
          <Item id="14a799dd6e924000be4617eeead1a0f4" title="Core" itemType="Folder" selected="false" exported="false">
            <Item id="2a4aeec0fff34cc2b21fed2fe3423c0c" title="Editor" itemType="Folder" selected="false" exported="false">
              <Item id="bb2e6cda9e504ab783f0a17165f9641f" title="Schemas" itemType="Folder" selected="false" exported="false">
                <Item id="45086536930140aabf0f158283d659d9" title="Embedded" itemType="Folder" selected="false" exported="false">
                  <Item id="b001c5a8e45f429f9ef3f0d72f58e02d" title="Link" extension="xsd" itemType="Schema" selected="false" exported="false" />
                </Item>
              </Item>
            </Item>
          </Item>
          <Item id="tcm:29-171-2" title="Forms" itemType="Folder" blueprintStatus="LocalItem" selected="true" exported="true">
            <Item id="tcm:29-13281-2" title="Admin" itemType="Folder" blueprintStatus="LocalItem" selected="true" exported="true">
              <Item id="tcm:29-15238" title="Forms%20HTML%20Design" extension="zip" itemType="Component" subtype="1" blueprintStatus="LocalItem" selected="true" exported="true" />
              <Item id="tcm:29-15237" title="Forms" extension="xml" itemType="Component" blueprintStatus="LocalItem" selected="true" exported="true" />
            </Item>
            <Item id="tcm:29-172-2" title="Editor" itemType="Folder" blueprintStatus="LocalItem" selected="true" exported="true">
              <Item id="tcm:29-173-2" title="Schemas" itemType="Folder" blueprintStatus="LocalItem" selected="true" exported="true">
                <Item id="tcm:29-174-2" title="Embedded" itemType="Folder" blueprintStatus="LocalItem" selected="true" exported="true">
                  <Item id="tcm:29-765-8" title="Form%20Action" extension="xsd" itemType="Schema" subtype="2" blueprintStatus="LocalItem" selected="true" exported="true" />
                  <Item id="tcm:29-4026-8" title="Form%20Result%20Link" extension="xsd" itemType="Schema" subtype="2" blueprintStatus="LocalItem" selected="true" exported="true" />
                </Item>
                <Item id="tcm:29-766-8" title="Form" extension="xsd" itemType="Schema" blueprintStatus="LocalItem" selected="true" exported="true" />
              </Item>
              <Item id="tcm:29-175-2" title="Templates" itemType="Folder" blueprintStatus="LocalItem" selected="true" exported="true">
                <Item id="tcm:29-768-32" title="Form" extension="tctcmp" itemType="ComponentTemplate" blueprintStatus="LocalItem" selected="true" exported="true" />
              </Item>
            </Item>
          </Item>
        </Item>
        <Item id="tcm:29-120-2" title="Settings" itemType="Folder" blueprintStatus="LocalItem" selected="true" exported="true">
          <Item id="tcm:29-13282-2" title="Forms" itemType="Folder" blueprintStatus="LocalItem" selected="true" exported="true">
            <Item id="tcm:29-13283-2" title="Site%20Manager" itemType="Folder" blueprintStatus="LocalItem" selected="true" exported="true">
              <Item id="tcm:29-15239" title="Forms%20HTML%20Design%20Configuration" extension="xml" itemType="Component" blueprintStatus="LocalItem" selected="true" exported="true" />
            </Item>
          </Item>
        </Item>
        <Item id="949ad36f64d1478bb044692089e9bc2a" title="Default%20Multimedia%20Schema" extension="xsd" itemType="Schema" selected="false" exported="false" />
      </Item>
      <Item id="4222e08800904164b7fd4e1038c36d8a" title="Task%20Process" extension="tpd" itemType="ProcessDefinition" selected="false" exported="false" />
    </Item>
    <Item id="tcm:0-22-65544" title="Zip%20file" extension="tmt" itemType="MultimediaType" selected="false" exported="true" />
  </Item>
</Index>