<PackageItem xmlns:tcm="http://www.tridion.com/ContentManager/5.0" xmlns:xlink="http://www.w3.org/1999/xlink" xmlns:xsd="http://www.w3.org/2001/XMLSchema" xmlns="http://www.sdltridion.com/ContentManager/ImportExport/Package/2013">
  <Data>
    <tcm:Data xmlns:xlink="http://www.w3.org/1999/xlink" xmlns:i="http://www.w3.org/2001/XMLSchema-instance">
      <tcm:Title>Form</tcm:Title>
      <tcm:Description>Form</tcm:Description>
      <tcm:Purpose>Component</tcm:Purpose>
      <tcm:NamespaceURI>uuid:529a1a75-a3fd-40a4-9490-666135e8f913</tcm:NamespaceURI>
      <tcm:RootElementName>Form</tcm:RootElementName>
      <tcm:IsTridionWebSchema>true</tcm:IsTridionWebSchema>
      <tcm:XSD>
        <xsd:schema xmlns:xsd="http://www.w3.org/2001/XMLSchema" xmlns="uuid:529a1a75-a3fd-40a4-9490-666135e8f913" xmlns:tcmi="http://www.tridion.com/ContentManager/5.0/Instance" elementFormDefault="qualified" targetNamespace="uuid:529a1a75-a3fd-40a4-9490-666135e8f913">
        <xsd:import namespace="http://www.tridion.com/ContentManager/5.0/Instance" schemaLocation="/webdav/cm_xml_inst.xsd" />
        <xsd:include schemaLocation="/webdav/100%20Master/Building%20Blocks/Modules/Forms/Editor/Schemas/Embedded/Form%20Action.xsd" />
        <xsd:annotation>
          <xsd:appinfo>
            <tcm:Labels xmlns:tcm="http://www.tridion.com/ContentManager/5.0">
              <tcm:Label ElementName="title" Metadata="false">Title</tcm:Label>
              <tcm:Label ElementName="description" Metadata="false">Description</tcm:Label>
              <tcm:Label ElementName="formDefinition" Metadata="true">Form Definition</tcm:Label>
              <tcm:Label ElementName="formAction" Metadata="true">Form Action</tcm:Label>
            </tcm:Labels>
          </xsd:appinfo>
        </xsd:annotation>
        <xsd:element name="Form">
          <xsd:complexType>
            <xsd:sequence>
              <xsd:element name="title" minOccurs="0" maxOccurs="1" type="xsd:normalizedString">
                <xsd:annotation>
                  <xsd:appinfo>
                    <ExtensionXml xmlns="http://www.tridion.com/ContentManager/5.0" />
                  </xsd:appinfo>
                </xsd:annotation>
              </xsd:element>
              <xsd:element name="description" minOccurs="0" maxOccurs="1" type="tcmi:XHTML">
                <xsd:annotation>
                  <xsd:appinfo>
                    <ExtensionXml xmlns="http://www.tridion.com/ContentManager/5.0" />
                    <tcm:Size xmlns:tcm="http://www.tridion.com/ContentManager/5.0">3</tcm:Size>
                    <tcm:FilterXSLT xmlns:tcm="http://www.tridion.com/ContentManager/5.0">
                      <xsl:stylesheet xmlns:xsl="http://www.w3.org/1999/XSL/Transform" xmlns="" version="1.0">
                        <xsl:output omit-xml-declaration="yes" method="xml" cdata-section-elements="script" />
                        <xsl:template name="FormattingFeatures">
                          <FormattingFeatures xmlns="http://www.tridion.com/ContentManager/5.2/FormatArea">
                            <Doctype>Transitional</Doctype>
                            <AccessibilityLevel>0</AccessibilityLevel>
                            <DisallowedActions />
                            <DisallowedStyles />
                          </FormattingFeatures>
                        </xsl:template>
                        <xsl:template match="/ | node() | @*">
                          <xsl:copy>
                            <xsl:apply-templates select="node() | @*" />
                          </xsl:copy>
                        </xsl:template>
                        <xsl:template match="*[      (self::br or self::p or self::div)     and      normalize-space(translate(., ' ', '')) = ''     and      not(@*)     and      not(processing-instruction())     and      not(comment())     and      not(*[not(self::br) or @* or * or node()])     and      not(following::node()[not(         (self::text() or self::br or self::p or self::div)        and         normalize-space(translate(., ' ', '')) = ''        and         not(@*)        and         not(processing-instruction())        and         not(comment())        and         not(*[not(self::br) or @* or * or node()])       )])     ]">
                          <!-- ignore all paragraphs and line-breaks at the end that have nothing but (non-breaking) spaces and line breaks -->
                        </xsl:template>
                        <xsl:template match="br[parent::div and not(preceding-sibling::node()) and not(following-sibling::node())]">
                          <!-- Chrome generates <div><br/></div>. Renders differently in different browsers. Replace it with a non-breaking space -->
                          <xsl:text> </xsl:text>
                        </xsl:template>
                      </xsl:stylesheet>
                    </tcm:FilterXSLT>
                  </xsd:appinfo>
                </xsd:annotation>
              </xsd:element>
            </xsd:sequence>
          </xsd:complexType>
        </xsd:element>
        <xsd:element name="Metadata">
          <xsd:complexType>
            <xsd:sequence>
              <xsd:element name="formDefinition" minOccurs="1" maxOccurs="1" type="tcmi:MultiLineText">
                <xsd:annotation>
                  <xsd:appinfo>
                    <tcm:CustomURL xmlns:tcm="http://www.tridion.com/ContentManager/5.0">http://tridiondev/Preview/FormBuilder/index.html</tcm:CustomURL>
                    <ExtensionXml xmlns="http://www.tridion.com/ContentManager/5.0" />
                    <tcm:Size xmlns:tcm="http://www.tridion.com/ContentManager/5.0">2</tcm:Size>
                  </xsd:appinfo>
                </xsd:annotation>
              </xsd:element>
              <xsd:element name="formAction" minOccurs="1" maxOccurs="1" type="FormAction">
                <xsd:annotation>
                  <xsd:appinfo>
                    <ExtensionXml xmlns="http://www.tridion.com/ContentManager/5.0" />
                    <tcm:EmbeddedSchema xmlns:tcm="http://www.tridion.com/ContentManager/5.0" xmlns:xlink="http://www.w3.org/1999/xlink" xlink:href="/webdav/100%20Master/Building%20Blocks/Modules/Forms/Editor/Schemas/Embedded/Form%20Action.xsd" xlink:title="Form Action" />
                  </xsd:appinfo>
                </xsd:annotation>
              </xsd:element>
            </xsd:sequence>
          </xsd:complexType>
        </xsd:element>
      </xsd:schema>
      </tcm:XSD>
      <tcm:AllowedMultimediaTypes />
      <tcm:ComponentProcess xlink:type="simple" xlink:title="" xlink:href="tcm:0-0-0" />
      <tcm:BundleProcess xlink:type="simple" xlink:title="" xlink:href="tcm:0-0-0" />
      <tcm:DeleteBundleOnProcessFinished>false</tcm:DeleteBundleOnProcessFinished>
    </tcm:Data>
  </Data>
  <Dependencies>
    <Dependency dependencyType="Publication" itemUrl="/webdav/100%20Master" linkName="LocationInfo/ContextRepository" />
    <Dependency dependencyType="OrganizationalItemFolder" itemUrl="/webdav/100%20Master/Building%20Blocks/Modules/Forms/Editor/Schemas" linkName="LocationInfo/OrganizationalItem" />
    <Dependency dependencyType="EmbeddedSchema" itemUrl="/webdav/100%20Master/Building%20Blocks/Modules/Forms/Editor/Schemas/Embedded/Form%20Action.xsd" linkName="Xsd" xpath="xsd:schema[1]/xsd:include[1]/@schemaLocation" />
    <Dependency dependencyType="EmbeddedSchema" itemUrl="/webdav/100%20Master/Building%20Blocks/Modules/Forms/Editor/Schemas/Embedded/Form%20Action.xsd" linkName="Xsd" xpath="xsd:schema[1]/xsd:element[2]/xsd:complexType[1]/xsd:sequence[1]/xsd:element[2]/xsd:annotation[1]/xsd:appinfo[1]/tcm:EmbeddedSchema[1]/@xlink:href" />
  </Dependencies>
</PackageItem>